cell,run,arm,rule,n,per_carrier,majority,any,uncut_bench_majority,uncut_bench_any,per_carrier_uncut_bench,prefix_majority,carrier_min,carrier_max
"14B two-word (original), same layer",w3_B_x3i3_14b_ans_L32,identity3:replace,exact,175,47 37 44 46 40 44 42 30,36,73,40,77,52 41 46 48 43 50 45 33,40,30,47
"14B two-word (original), block 4",w3_B_x3i3_14b_ans_L32,identity3:replace:t4,exact,175,97 64 98 93 87 90 85 64,82,124,84,127,99 67 100 95 89 92 88 68,84,64,98
"14B two-word (fresh), same layer",w5_fresh_14b_B_x3i3_L32,identity3:replace,exact,175,18 22 17 17 16 21 20 11,15,38,16,40,21 23 18 18 16 23 21 12,16,11,22
"14B two-word (fresh), block 4",w5_fresh_14b_B_x3i3_L32,identity3:replace:t4,exact,175,69 44 67 73 63 69 67 48,59,94,61,97,71 46 69 75 65 73 71 51,59,44,73
"14B sub-word (original), same layer",w3_A_x3i3_14b_ans_L32,identity3:replace,exact,342,51 43 62 44 60 57 50 51,44,97,45,97,53 45 63 45 61 57 51 52,45,43,62
"14B sub-word (original), block 4",w3_A_x3i3_14b_ans_L32,identity3:replace:t4,exact,342,120 82 114 100 124 128 139 114,106,177,138,204,148 115 149 141 156 147 171 137,137,82,139
"14B sub-word (fresh), same layer",w5_fresh_14b_A_x3i3_L32,identity3:replace,exact,431,20 16 35 27 30 24 24 17,19,57,21,60,22 17 37 28 31 27 27 20,19,16,35
"14B sub-word (fresh), block 4",w5_fresh_14b_A_x3i3_L32,identity3:replace:t4,exact,431,86 56 103 77 122 94 113 83,73,184,106,215,119 84 132 104 155 115 144 109,108,56,122
"8B two-word, same layer",w5_8b_B_x3i3_L29,identity3:replace,exact,160,40 34 57 46 42 39 59 36,40,83,42,84,49 34 58 46 57 40 60 39,42,34,59
"8B two-word, block 8",w5_8b_B_x3i3_L29,identity3:replace:t8,exact,160,67 61 96 86 91 80 96 81,79,119,82,120,69 62 101 89 95 82 98 85,81,61,96
"8B sub-word, same layer",w5_8b_A_x3i3_L29,identity3:replace,exact,340,65 56 76 57 73 66 72 62,57,128,58,131,66 58 76 58 81 68 74 65,60,56,76
"8B sub-word, block 8",w5_8b_A_x3i3_L29,identity3:replace:t8,exact,340,116 129 138 123 130 111 144 125,129,194,168,229,159 157 182 150 168 157 176 158,168,111,144
"1.7B sub-word, same layer",w3_A_x3i3_1p7b_ans_L22,identity3:replace,exact,278,34 35 45 28 45 36 38 37,32,67,34,70,34 39 46 29 47 39 40 39,36,28,45
"1.7B sub-word, block 8",w3_A_x3i3_1p7b_ans_L22,identity3:replace:t8,exact,278,67 67 69 54 68 71 76 65,61,106,101,161,93 113 110 83 117 106 126 98,101,54,76
"14B two-word (original), continuation, same layer",w5_ph_14b_B_cont,continuation:replace,prefix,175,72 70 71 50 71 83 73 62,66,119,65,117,69 67 69 47 70 83 73 61,66,50,83
"14B two-word (original), continuation, block 4",w4_B_x3cont_14b_ans_L32,continuation:replace:t4,prefix,175,129 112 125 112 129 138 134 133,133,145,133,150,129 113 127 113 129 138 136 134,133,112,138
"14B two-word (fresh), continuation, block 4",w5_fresh_14b_B_x3i3_L32,continuation:replace:t4,prefix,175,106 100 100 82 114 122 113 121,112,140,116,147,106 101 105 84 120 127 119 129,112,82,122
