dataset,run,source,target,metric,n,n_targets,same,early,same_rate,early_rate,diff,cluster_lo,cluster_hi,item_lo,item_hi,favorable,unfavorable
14B two-word (original),w3_B_x3i3_14b_ans_L32,L32,block 4,vote_exact,175,165,36,82,0.2057142857142857,0.4685714285714286,0.26285714285714284,0.18285714285714286,0.34269662921348315,0.18857142857142858,0.33714285714285713,52,6
14B two-word (original),w3_B_x3i3_14b_ans_L32,L32,block 4,any_exact,175,165,73,124,0.41714285714285715,0.7085714285714285,0.2914285714285714,0.2057142857142857,0.38333333333333336,0.2057142857142857,0.37714285714285717,63,12
14B two-word (fresh),w5_fresh_14b_B_x3i3_L32,L32,block 4,vote_exact,175,152,15,59,0.08571428571428572,0.33714285714285713,0.25142857142857145,0.1781609195402299,0.3258426966292135,0.18285714285714286,0.32,46,2
14B two-word (fresh),w5_fresh_14b_B_x3i3_L32,L32,block 4,any_exact,175,152,38,94,0.21714285714285714,0.5371428571428571,0.32,0.23563218390804597,0.40555555555555556,0.24,0.4,63,7
14B sub-word (original),w3_A_x3i3_14b_ans_L32,L32,block 4,vote_exact,342,316,44,106,0.1286549707602339,0.30994152046783624,0.18128654970760233,0.12573099415204678,0.23823529411764705,0.1286549707602339,0.23391812865497075,78,16
14B sub-word (original),w3_A_x3i3_14b_ans_L32,L32,block 4,any_exact,342,316,97,177,0.28362573099415206,0.5175438596491229,0.23391812865497075,0.1686046511627907,0.30029154518950435,0.1695906432748538,0.2953216374269006,110,30
14B sub-word (fresh),w5_fresh_14b_A_x3i3_L32,L32,block 4,vote_exact,431,388,19,73,0.04408352668213457,0.16937354988399073,0.12529002320185614,0.08747044917257683,0.16473317865429235,0.08816705336426914,0.16241299303944315,64,10
14B sub-word (fresh),w5_fresh_14b_A_x3i3_L32,L32,block 4,any_exact,431,388,57,184,0.13225058004640372,0.42691415313225056,0.29466357308584684,0.23933649289099526,0.34872979214780603,0.24361948955916474,0.3480278422273782,149,22
8B two-word,w5_8b_B_x3i3_L29,L29,block 8,vote_exact,160,152,40,79,0.25,0.49375,0.24375,0.15432098765432098,0.33544303797468356,0.15625,0.33125,49,10
8B two-word,w5_8b_B_x3i3_L29,L29,block 8,any_exact,160,152,83,119,0.51875,0.74375,0.225,0.12727272727272726,0.3227848101265823,0.125,0.31875,52,16
8B sub-word,w5_8b_A_x3i3_L29,L29,block 8,vote_exact,340,314,57,129,0.1676470588235294,0.37941176470588234,0.21176470588235294,0.15895953757225434,0.26605504587155965,0.16176470588235295,0.26176470588235295,83,11
8B sub-word,w5_8b_A_x3i3_L29,L29,block 8,any_exact,340,314,128,194,0.3764705882352941,0.5705882352941176,0.19411764705882353,0.13428571428571429,0.25153374233128833,0.13823529411764707,0.25,86,20
1.7B sub-word,w3_A_x3i3_1p7b_ans_L22,L22,block 4,vote_exact,278,263,32,57,0.11510791366906475,0.20503597122302158,0.08992805755395683,0.04642857142857143,0.1347517730496454,0.046762589928057555,0.1366906474820144,34,9
1.7B sub-word,w3_A_x3i3_1p7b_ans_L22,L22,block 4,any_exact,278,263,67,113,0.24100719424460432,0.4064748201438849,0.16546762589928057,0.1039426523297491,0.22743682310469315,0.10431654676258993,0.22661870503597123,63,17
1.7B sub-word,w3_A_x3i3_1p7b_ans_L22,L22,block 8,vote_exact,278,263,32,61,0.11510791366906475,0.21942446043165467,0.10431654676258993,0.060714285714285714,0.14909090909090908,0.06115107913669065,0.1510791366906475,36,7
1.7B sub-word,w3_A_x3i3_1p7b_ans_L22,L22,block 8,any_exact,278,263,67,106,0.24100719424460432,0.381294964028777,0.14028776978417265,0.08148148148148149,0.20141342756183744,0.08273381294964029,0.19784172661870503,56,17
